lab_result_id,patient_id,hospital_id,doctor_id,test_name,test_date,result_value,result_unit,result_status,reported_at
8229,101,3,45,HbA1c,2026-08-15,6.4,%,Normal,2026-08-16T10:00:00
8230,204,7,112,Complete Blood Count,2026-08-18,12.9,g/dL,Normal,2026-08-19T08:00:00
8231,350,12,88,Lipid Panel,2026-08-20,198,mg/dL,Abnormal,2026-08-21T14:00:00
8232,478,1,4,Thyroid Panel,2026-08-22,1.8,mIU/L,Normal,2026-08-22T19:00:00
8233,512,19,231,HbA1c,2026-08-25,9.7,%,Critical,2026-08-26T09:00:00
8234,690,25,305,Complete Blood Count,2026-08-27,14.1,g/dL,Normal,2026-08-27T16:00:00
8235,733,8,67,Lipid Panel,2026-08-29,221,mg/dL,Abnormal,2026-08-30T11:00:00
8236,845,33,178,HbA1c,2026-09-01,5.9,%,Normal,2026-09-02T07:00:00
8237,912,41,410,Thyroid Panel,2026-09-02,3.1,mIU/L,Abnormal,2026-09-03T13:00:00
8238,1024,15,142,Complete Blood Count,2026-09-03,10.8,g/dL,Abnormal,2026-09-04T06:00:00
8239,1187,29,256,HbA1c,2026-09-05,7.2,%,Normal,2026-09-06T10:00:00
8240,1355,44,489,Lipid Panel,2026-09-06,175,mg/dL,Normal,2026-09-07T15:00:00
8241,1502,6,53,Complete Blood Count,2026-09-08,16.2,g/dL,Normal,2026-09-08T20:00:00
8242,1678,37,367,Thyroid Panel,2026-09-09,1.2,mIU/L,Normal,2026-09-10T09:00:00
8243,1799,22,199,HbA1c,2026-09-10,10.3,%,Critical,2026-09-11T05:00:00
8244,1930,10,91,Complete Blood Count,2026-09-11,11.7,g/dL,Normal,2026-09-11T18:00:00
8245,2045,49,498,Lipid Panel,2026-09-12,163,mg/dL,Normal,2026-09-13T12:00:00
8246,2156,18,159,HbA1c,2026-09-12,6.0,%,Normal,2026-09-13T08:00:00
8247,2278,31,283,Thyroid Panel,2026-09-13,2.7,mIU/L,Abnormal,2026-09-14T07:00:00
8248,2399,50,500,Complete Blood Count,2026-09-13,13.5,g/dL,Normal,2026-09-14T09:00:00
